{
    "name": [
        {
            "firstname": "Jim",
            "age": 32
        },
        {
            "firstname": "Brice",
            "age": 37
        },
        {
            "firstname": "Jules",
            "age": 22
        },
        {
            "firstname": "Sam",
            "age": 75
        },
        {
            "firstname": "Doums",
            "age": 65
        },
        {
            "firstname": "Harrylee",
            "age": 14
        },
        {
            "firstname": "Marvin",
            "age": 22
        },
        {
            "firstname": "Sorcitz",
            "age": 25
        },
        {
            "firstname": "Bill",
            "age": 12
        },
        {
            "firstname": "Scol",
            "age": 10
        }

    ]
}