{
    "title": "Tutoriel JSON",
    "content": "JSON data",
    "author": {
        "firstname" : "Pressath",
        "lastname" : "Ntsika",
        "birthday" : 1978
    },
    "comments":[
        {
            "username" : "John Doe",
            "content" : "super cool",
            "replies" : []
        }, {
            "username" : "John Doe",
            "content" : "super cool",
            "replies" : [
                {
                    "username" : "John Doe",
                    "content" : "...",
                    "replies" : []
                }
            ]
        }
    ]
}